AΔN（エーデルターン）,http://concafenavi.com/adeltan/,店名,AΔN（エーデルターン）,ジャンル,N次元メイドカフェ&バー（コンセプトカフェ・コンカフェ）,TEL,"03-6271-7941
「コンカフェナビ」を見たと言うとスムーズです♪",住所,東京都千代田区外神田1-6-3　アキバあそび館3F,交通手段,秋葉原駅から徒歩4分　徒歩ルート（Google map）,営業時間,"平日　17:00～23:00
金土祝日前　17:00～翌5:00
日　12:00～23:00",定休日,—,予算,"1時間 800円（チャージ） / １ドリンク（600円～）
※おひとり様１ドリンク制となっております。",支払い方法,クレジットカード不可,席数,—,予約,—,貸切,不可,団体利用,不可,飲酒,可,禁煙・喫煙,—,駐車場,—,Wifi・無線LAN,—,外国語メニュー,—,利用シーン,—,サービス,—,ホームページ,https://www.adeltan.com/,公式Twitter,—,備考,—,クーポン,コンカフェナビ見たで「–」,内容,—,時給,—,採用条件,—,待遇,—,求人用連絡先,—
めいどりーみん 秋葉原 本店,http://concafenavi.com/maidreamin-honten/,店名,めいどりーみん 秋葉原 本店,ジャンル,メイドカフェ,TEL,"03-6905-7735
「コンカフェナビ」を見たと言うとスムーズです♪",住所,東京都千代田区外神田3-16-17　住吉ビル6階,交通手段,"JR各線「秋葉原駅」より徒歩5分　徒歩ルート（Google map）
東京メトロ銀座線「末広町駅」より徒歩1分　徒歩ルート（Google map）",営業時間,"月～金　　　11:30～23:00
土日・祝日　10:30～23:00",定休日,年中無休,予算,"1時間 500円 / 1オーダー
延長 500円 / 1オーダー",支払い方法,"クレジットカード可
銀聯カード利用可
電子決済「WeChatPay」「Alipay」「PayPay」がご利用頂けます。",席数,38席,予約,—,貸切,—,団体利用,—,飲酒,"もちろん飲めます。お酒を含め飲み放題は55種類から選べます。
シャンパンもワインなどもご用意しております。",禁煙・喫煙,不可,駐車場,—,Wifi・無線LAN,あり,外国語メニュー,—,ホームページ,https://maidreamin.com/shop/detail.html?id=1
アフィリア・アスタリスク,http://concafenavi.com/afilia-asterisk/,店名,アフィリア・アスタリスク,ジャンル,ガールズカフェ（コンセプトカフェ・コンカフェ）,TEL,"03-6380-4390
「コンカフェナビ」を見たと言うとスムーズです♪",住所,東京都新宿区新宿三丁目9-5　ゴールドビル4F,交通手段,"新宿駅より徒歩8分　徒歩ルート（Google map）
新宿三丁目駅より徒歩1分　徒歩ルート（Google map）",営業時間,"全日
17:00～5:00
(フードL.O. 4:00／ドリンクL.O. 4:30）",定休日,なし,予算,"1時間毎に1,100円（女性600円）のテーブルチャージ",支払い方法,クレジットカード可（VISA、MASTER、JCB、AMEX）,席数,13席,予約,予約不可,貸切,可,団体利用,—,飲酒,可,禁煙・喫煙,全面喫煙可,駐車場,無,Wifi・無線LAN,—,外国語メニュー,—,利用シーン,—,サービス,—,ホームページ,https://afilia.jp/shop/asterisk/,公式Twitter,—,備考,—,クーポン,コンカフェナビ見たで「–」,内容,—,時給,—,採用条件,—,待遇,—,求人用連絡先,"—
「コンカフェナビ」を見たと言うとスムーズです♪"
Klover（クローバー）,http://concafenavi.com/klover/,店名,Klover（クローバー）,ジャンル,メイドカフェ&バー（コンセプトカフェ・コンカフェ）,TEL,"042-527-0306
「コンカフェナビ」を見たと言うとスムーズです♪",住所,東京都立川市柴崎町3-4-8　稲葉ビル2F,交通手段,立川駅 から徒歩３分　徒歩ルート（Google map）,営業時間,"火〜金　18:00〜23:00
土・日　17:00〜23:00",定休日,月曜日,予算,"飲み放題　1set60分
男性　3,000円
女性　1,500円",支払い方法,—,席数,—,予約,—,貸切,—,団体利用,—,飲酒,可,禁煙・喫煙,—,駐車場,—,Wifi・無線LAN,—,外国語メニュー,—,利用シーン,—,サービス,—,ホームページ,https://klover.jp/,公式Twitter,https://twitter.com/maidcafeklover,備考,—,クーポン,コンカフェナビ見たで「–」,内容,—,時給,—,採用条件,—,待遇,—,求人用連絡先,—
Candleblum（キャンドレブラム）,http://concafenavi.com/candleblum/,店名,Candleblum（キャンドレブラム）,ジャンル,ゴシックメイドのコンセプトカフェ（コンカフェ）,TEL,"03-6457-3732
「コンカフェナビ」を見たと言うとスムーズです♪",住所,東京都新宿区歌舞伎町1丁目2-13　4F,交通手段,新宿駅 から徒歩７分　徒歩ルート（Google map）,営業時間,20時~23時 (L.O 22時30分),定休日,—,予算,"■チャージ
1時間 800円＋1ドリンク
女性　1時間　入場料無料
※1ドリンクご注文いただきます。
※延長の場合は延長料金＋1ドリンクいただきます。
■延長チャージ
30分 500円＋1ドリンク
1時間飲み放題　3,000円追加
※当店は、自動延長、1時間1ドリンク制です。
お客様管理でお願い致します。",支払い方法,—,席数,—,予約,—,貸切,可,団体利用,—,飲酒,可,禁煙・喫煙,—,駐車場,—,Wifi・無線LAN,—,外国語メニュー,—,利用シーン,—,サービス,—,ホームページ,https://candleblum.tokyo/,公式Twitter,https://twitter.com/__candleblum__,公式Instagram,https://www.instagram.com/__candleblum__/,備考,—,クーポン,コンカフェナビ見たで「–」,内容,—,時給,—,採用条件,—,待遇,—,求人用連絡先,—
グランドパイレーツ,http://concafenavi.com/grand-pirates/,店名,グランドパイレーツ,ジャンル,海賊メイド喫茶（コンセプトカフェ・コンカフェ）,TEL,"03-3525-4351
「コンカフェナビ」を見たと言うとスムーズです♪",住所,東京都千代田区外神田1-8-4　銭谷ビル地下1F,交通手段,秋葉原駅から徒歩4分　徒歩ルート（Google map）,営業時間,"月曜日～木曜日　１７：００～２３：００
金曜日　１７：００～翌５：００
土曜日　１２：００～翌５：００
日曜日　１２：００～２３：００
祝前日　１７：００～翌５：００",定休日,年中無休,予算,—,支払い方法,"クレジットカード可
（JCB、AMEX、Diners）",席数,15席（カウンター席あり）,予約,予約可,貸切,—,団体利用,—,飲酒,可,禁煙・喫煙,—,駐車場,—,Wifi・無線LAN,—,外国語メニュー,—,利用シーン,—,サービス,—,ホームページ,https://grand-pirates.jp/,公式Twitter,—,備考,—,クーポン,コンカフェナビ見たで「–」,内容,—,時給,—,採用条件,—,待遇,—,求人用連絡先,—
男装ヴァンパイアカフェ 秋葉城ドラキュラ,http://concafenavi.com/dracula-dansou/,店名,男装ヴァンパイアカフェ 秋葉城ドラキュラ,ジャンル,男装ヴァンパイアカフェ&バー（コンセプトカフェ・コンカフェ）,TEL,"070-4194-1382
「コンカフェナビ」を見たと言うとスムーズです♪",住所,東京都千代田区外神田4-6-10　旧リバティビル4F-Bフロア,交通手段,秋葉原駅 から徒歩6分　徒歩ルート（Google map）,営業時間,"平日　14:00～24:00
土日祝　12:00～24:00",定休日,年中無休,予算,—,支払い方法,—,席数,10席(カウンターのみ),予約,可,貸切,可,団体利用,可,飲酒,可,禁煙・喫煙,可,駐車場,—,Wifi・無線LAN,無し,外国語メニュー,あり,利用シーン,一緒にワイワイ楽しむ / 癒されたい / 男性向け / カップルでも楽しい / フード＆ドリンク / 個性的なサービス / 愛込め(おまじない),サービス,オリジナルグッズ / オリジナル制服 / チェキ、写真が撮れる / 指名が出来る / クーポン有り / 誕生日特典あり / ポイントカードあり,ホームページ,http://dracula-dansou.com/,公式Twitter,—,備考,—,クーポン,コンカフェナビ見たで「–」,内容,—,時給,—,採用条件,—,待遇,—,求人用連絡先,—
キュアメイドカフェ,http://concafenavi.com/curemaid/,店名,キュアメイドカフェ,ジャンル,メイドカフェ（コンセプトカフェ・コンカフェ）,TEL,"03-3258-3161
「コンカフェナビ」を見たと言うとスムーズです♪",住所,東京都千代田区外神田3-15-5　ジーストア・アキバ6F,交通手段,秋葉原駅から徒歩6分　徒歩ルート（Google map）,営業時間,"月曜～木曜
11：00～20：00
（ラストオーダー　FOOD19：00　DRINK19：30）
金曜・土曜
11：00～22：00
（ラストオーダー　FOOD21：00　DRINK21：30）
日曜・祝日
11：00～19：00
（ラストオーダー　FOOD18：00　DRINK18：30）
祝前日（日曜日以外）
11：00～22：00
（ラストオーダー　FOOD21：00　DRINK21：30）",定休日,"火曜日
（祝日の場合は翌日）",予算,—,支払い方法,"クレジットカード可
（JCB、AMEX、Diners）",席数,—,予約,予約可,貸切,可,団体利用,—,飲酒,可,禁煙・喫煙,分煙,駐車場,無し,Wifi・無線LAN,—,外国語メニュー,—,利用シーン,—,サービス,—,ホームページ,http://www.curemaid.jp/,公式Twitter,—,備考,—,クーポン,コンカフェナビ見たで「–」,内容,—,時給,—,採用条件,—,待遇,—,求人用連絡先,—
レイヤーズ,http://concafenavi.com/layer-s/,店名,レイヤーズ,ジャンル,アニソンカラオケバー（コンセプトバー）,TEL,"03-6907-3796
「コンカフェナビ」を見たと言うとスムーズです♪",住所,東京都豊島区東池袋1-15-8　フジプラザ2階15号,交通手段,池袋駅から徒歩2分　徒歩ルート（Google map）,営業時間,"【平日】18:00～23:30
【土曜、日曜】15:00～23:30",定休日,無し,予算,"初回料金　￥2,500（60分）
延長料金　￥1,000（30分）
女性料金　￥1,500（60分）
コスプレ貸出　￥0（女性のみ）
お酒
ウイスキー、焼酎が飲み放題☆
ソフトドリンク
ジュース、コーラ、ウーロン茶、ココア等が飲み放題☆",支払い方法,—,席数,—,予約,—,貸切,—,団体利用,—,飲酒,—,禁煙・喫煙,—,駐車場,—,Wifi・無線LAN,—,外国語メニュー,—,利用シーン,—,サービス,—,ホームページ,—,公式Twitter,—,備考,—,クーポン,コンカフェナビ見たで「–」,内容,—,時給,—,採用条件,—,待遇,—,求人用連絡先,—
シャッツキステ,http://concafenavi.com/schatz-kiste/,店名,シャッツキステ,ジャンル,私設図書館カフェ（コンセプトカフェ・コンカフェ）,TEL,電話番号は非公開とさせて頂いております。,住所,東京都千代田区外神田6-5-11　長谷川ビル１階,交通手段,"秋葉原駅から徒歩１０分　徒歩ルート（Google map）
末広町駅から徒歩２分　徒歩ルート（Google map）",営業時間,"12:00〜22:00
（ラストオーダー：21:30）",定休日,第一火曜日,予算,"３０min / ¥５００
* 紅茶（セイロンティー）をご自由にお飲み頂けます。
* wifi自由、 電源はお席によりご利用頂けます。
* お菓子やお食事を注文する事もできます。
（注文された場合は、上記の料金＋お食事代となります）",支払い方法,クレジットカード不可,席数,25席,予約,—,貸切,—,団体利用,—,飲酒,—,禁煙・喫煙,完全禁煙,駐車場,無し,Wifi・無線LAN,—,外国語メニュー,—,利用シーン,マッタリした雰囲気,サービス,—,ホームページ,https://www.schatz-kiste.net/,公式Twitter,—,備考,—,クーポン,コンカフェナビ見たで「–」,内容,—,時給,—,採用条件,—,待遇,—,求人用連絡先,—
男装cafe&bar haco.,http://concafenavi.com/haco/,店名,男装cafe＆bar haco.,ジャンル,男装cafe＆bar（コンセプトカフェ・コンカフェ）,TEL,"03-6452-4123
「コンカフェナビ」を見たと言うとスムーズです♪",住所,東京都渋谷区恵比寿南2-3-15　インペリアルビル4F,交通手段,恵比寿駅より徒歩3分　徒歩ルート（Google map）,営業時間,"月～金 20:00-翌4:30
土曜日 20:00-翌4:30
日曜日 18:00-23:30",定休日,—,予算,"2,000円～",支払い方法,クレジットカード可,席数,—,予約,可,貸切,可,団体利用,可,飲酒,可,禁煙・喫煙,—,駐車場,—,Wifi・無線LAN,—,外国語メニュー,—,ホームページ,https://harunaoshima.wixsite.com/haruohaco,備考,—,クーポン,コンカフェナビ見たで「–」
ENTRY（エントリー）池袋店,http://concafenavi.com/cafe-entry-ikebukuro/,店名,ENTRY（エントリー）池袋店,ジャンル,カジュアルメイドカフェ,TEL,"03-5928-4420
「コンカフェナビ」を見たと言うとスムーズです♪",住所,東京都豊島区南池袋2丁目13-10　南池袋山本ビル地下1階,交通手段,池袋駅より徒歩6分　徒歩ルート（Google map）,営業時間,"月曜日～木曜日　15:00〜LAST
日曜日　　　　　15:00〜LAST
金・土・祝前日　15:00〜LAST",定休日,年中無休,予算,"3,000円",支払い方法,クレジットカード可,席数,26席（カウンター6席、テーブル20席）,予約,可,貸切,可,団体利用,可,飲酒,可,禁煙・喫煙,可　（喫煙コーナーご用意しております）,駐車場,—,Wifi・無線LAN,あり,外国語メニュー,無し,利用シーン,一緒にワイワイ楽しむ / フード＆ドリンク / 個性的なサービス,サービス,オリジナルグッズ / オリジナル制服 / チェキ、写真が撮れる / 誕生日特典あり / ステージパフォーマンス / ポイントカードあり,ホームページ,https://cafe.entry.co.jp/,備考,—,クーポン,コンカフェナビ見たで「–」
ぷしゅかてーてる,http://concafenavi.com/psss-catheter/,店名,ぷしゅかてーてる,ジャンル,コンセプトカフェ（コンカフェ）,TEL,"080-6696-0917
「コンカフェナビ」を見たと言うとスムーズです♪",住所,東京都豊島区東池袋1-7-11　VISPOINTビル4F,交通手段,池袋駅より徒歩2分　徒歩ルート（Google map）,営業時間,"平日　17:00～23:00
土日祝　14:00～23:00",定休日,年中無休,予算,—,支払い方法,クレジットカード可,席数,15席,予約,可,貸切,可,団体利用,可,飲酒,可,禁煙・喫煙,可,駐車場,—,Wifi・無線LAN,あり,外国語メニュー,あり,利用シーン,一緒にワイワイ楽しむ / マッタリした雰囲気 / 癒されたい / 男性向け / カップルでも楽しい / フード＆ドリンク / 個性的なサービス / 愛込め(おまじない),サービス,オリジナル制服 / クーポン有り / ポイントカードあり,ホームページ,http://psss-catheter.com/,備考,—,クーポン,コンカフェナビ見たで「–」
Mermaid（マーメイド）,http://concafenavi.com/mermaid/,店名,Mermaid（マーメイド）,ジャンル,メイドカフェ&バー（コンセプトカフェ・コンカフェ）,TEL,"080-8046-8966
「コンカフェナビ」を見たと言うとスムーズです♪",住所,東京都千代田区外神田4-6-10　ワンサードレジデンス3階,交通手段,秋葉原駅から徒歩6分　徒歩ルート（Google map）,営業時間,16：00～LAST,定休日,年中無休,予算,"飲み放題
40分 3,000パール
以降40分 3,000パール
サービス料　10%
TAX　10%
自動延長制",支払い方法,—,席数,"25席
(カウンター7席、ボックス8席、テーブル10席)",予約,可,貸切,可,団体利用,可,飲酒,可,禁煙・喫煙,可,駐車場,—,Wifi・無線LAN,あり,外国語メニュー,あり,利用シーン,一緒にワイワイ楽しむ / 癒されたい / カップルでも楽しい / フード＆ドリンク / 個性的なサービス,サービス,オリジナル制服 / チェキ、写真が撮れる / コスプレ衣装に着替えられる,ホームページ,https://akiba-mermaid.com/,公式Twitter,—,備考,—,クーポン,コンカフェナビ見たで「–」,内容,—,時給,—,採用条件,—,待遇,—,求人用連絡先,—
みゃおみゃお,http://concafenavi.com/myaomyao/,店名,みゃおみゃお,ジャンル,コンセプトカフェ＆バー,TEL,"080-4297-0430
「コンカフェナビ」を見たと言うとスムーズです♪",住所,東京都千代田区神田佐久間町1丁目16-1　大橋ビル603,交通手段,秋葉原駅 から徒歩２分　徒歩ルート（Google map）,営業時間,OPEN〜翌5:00,定休日,—,予算,"チャージ料金500円＋ワンドリンク制 / 30分
飲み放題（チャージ代込み）1,780円 / 40分
※21時以降はお会計の10%を深夜料金として頂きます",支払い方法,—,席数,—,予約,—,貸切,—,団体利用,—,飲酒,—,禁煙・喫煙,—,駐車場,—,Wifi・無線LAN,—,外国語メニュー,—,利用シーン,—,サービス,—,ホームページ,https://www.myaomyao.net/,公式Twitter,https://twitter.com/cafebarmyaomyao,備考,—,クーポン,コンカフェナビ見たで「–」,内容,—,時給,—,採用条件,—,待遇,—,求人用連絡先,—
アキバ絶対領域,http://concafenavi.com/akibazettai/,店名,アキバ絶対領域,ジャンル,メイドカフェ＆バー（コンセプトカフェ・コンカフェ）,TEL,"03-6260-9435
「コンカフェナビ」を見たと言うとスムーズです♪",住所,東京都千代田区外神田1-6-3　アキバあそび館2F,交通手段,秋葉原駅より徒歩４分　徒歩ルート（Google map）,営業時間,12:00~22:00,定休日,年中無休,予算,"¥600/60分
1ドリンクオーダー制
※60分を超えますと延長となります。
※延長の際は追加で1ドリンクのご注文をお願いします。",支払い方法,クレジットカード可,席数,"25席
（カウンター7席、テーブル18席）",予約,予約可,貸切,可（20人以下可）,団体利用,—,飲酒,可,禁煙・喫煙,"分煙
（店舗入り口に喫煙スペース有）",駐車場,無し,Wifi・無線LAN,—,外国語メニュー,—,利用シーン,—,サービス,—,ホームページ,https://akibazettai.com/,公式Twitter,—,備考,—,クーポン,コンカフェナビ見たで「–」,内容,—,時給,—,採用条件,—,待遇,—,求人用連絡先,—
エスポワール,http://concafenavi.com/espoir-akb/,店名,エスポワール,ジャンル,メイド喫茶（コンセプトカフェ・コンカフェ）,TEL,"03-6820-2263
「コンカフェナビ」を見たと言うとスムーズです♪",住所,東京都千代田区外神田4-6-10　ワンサードレジデンスビル8F,交通手段,秋葉原駅より徒歩6分　徒歩ルート（Google map）,営業時間,14:00～23:00,定休日,年中無休,予算,"¥800 / 60分
ワンドリンクオーダー制
※60分を超えると自動延長となり¥800のチャージ料がかかります。
※延長の際は追加で1ドリンクの注文をお願い致します。",支払い方法,—,席数,—,予約,—,貸切,—,団体利用,—,飲酒,可,禁煙・喫煙,—,駐車場,—,Wifi・無線LAN,—,外国語メニュー,—,利用シーン,—,サービス,—,ホームページ,"グループ公式HP
https://meltybrown.com/",公式Twitter,—,備考,—,クーポン,コンカフェナビ見たで「–」,内容,—,時給,—,採用条件,—,待遇,—,求人用連絡先,—
アフィリア・スターズ,http://concafenavi.com/afilia-stars/,店名,アフィリア・スターズ,ジャンル,ダイニング（コンセプトダイニング）,TEL,"03-6804-6344
「コンカフェナビ」を見たと言うとスムーズです♪",住所,東京都港区六本木3-11-10　ココ六本木ビル6F,交通手段,六本木駅より徒歩1分　徒歩ルート（Google map）,営業時間,"平日
18:00～5:00（フードL.O. 4:00／ドリンクL.O. 4:30）
土日祝日
17:00～5:00（フードL.O. 4:00／ドリンクL.O. 4:30）",定休日,なし,予算,"1時間毎に1,100円（女性600円）のテーブルチャージ",支払い方法,クレジットカード可（JCB、AMEX、Diners、VISA、MASTER）,席数,44席,予約,—,貸切,可（20人以下可、20人～50人可）,団体利用,—,飲酒,可,禁煙・喫煙,全面喫煙可,駐車場,無し,Wifi・無線LAN,—,外国語メニュー,—,利用シーン,—,サービス,—,ホームページ,https://afilia.jp/shop/stars/,公式Twitter,—,備考,—,クーポン,コンカフェナビ見たで「–」,内容,—,時給,—,採用条件,—,待遇,—,求人用連絡先,"—
「コンカフェナビ」を見たと言うとスムーズです♪"
めいどりーみん 秋葉原 アイドル通り店,http://concafenavi.com/maidreamin-idoldori/,店名,めいどりーみん 秋葉原 アイドル通り店,ジャンル,メイドカフェ,TEL,"03-6206-8180
「コンカフェナビ」を見たと言うとスムーズです♪",住所,東京都千代田区外神田4-4-2　共益外神田第一ビル4F,交通手段,"JR各線「秋葉原駅」より徒歩3分　徒歩ルート（Google map）
東京メトロ銀座線「末広町駅」より徒歩2分　徒歩ルート（Google map）",営業時間,"月～金　　　11:30～23:00
土日・祝日　10:30～23:00",定休日,年中無休,予算,"1時間 500円 / 1オーダー
延長 500円 / 1オーダー",支払い方法,"クレジットカード可
銀聯カード利用可
電子決済「WeChatPay」「Alipay」「PayPay」がご利用頂けます。",席数,49席,予約,—,貸切,—,団体利用,—,飲酒,"もちろん飲めます。お酒を含め飲み放題は55種類から選べます。
シャンパンもワインなどもご用意しております。",禁煙・喫煙,全席禁煙／喫煙スペース有り,駐車場,—,Wifi・無線LAN,あり,外国語メニュー,—,ホームページ,https://maidreamin.com/shop/detail.html?id=3
スターライトノベル,http://concafenavi.com/starlightnovel/,店名,スターライトノベル,ジャンル,お星さまコンセプトのメイド喫茶（コンセプトカフェ・コンカフェ）,TEL,"03-6206-8726
「コンカフェナビ」を見たと言うとスムーズです♪",住所,東京都千代田区外神田4-6-2　いすゞビル8F,交通手段,秋葉原駅から徒歩6分　徒歩ルート（Google map）,営業時間,"月曜日～木曜日　１７：００～２３：００
金曜日　１７：００～翌５：００
土曜日　１２：００～翌５：００
日曜日　１２：００～２３：００
祝前日　１７：００～翌５：００",定休日,年中無休,予算,—,支払い方法,—,席数,—,予約,—,貸切,—,団体利用,—,飲酒,—,禁煙・喫煙,—,駐車場,—,Wifi・無線LAN,—,外国語メニュー,—,利用シーン,—,サービス,—,ホームページ,https://starlightnovel.jp/,公式Twitter,—,備考,—,クーポン,コンカフェナビ見たで「–」,内容,—,時給,—,採用条件,—,待遇,—,求人用連絡先,—
OLカフェ&バー 8style（エイトスタイル）,http://concafenavi.com/olcafe8style/,店名,OLカフェ&バー 8style（エイトスタイル）,ジャンル,OLコンセプトカフェ,TEL,"03-3255-5007
「コンカフェナビ」を見たと言うとスムーズです♪",住所,東京都千代田区外神田3-6-17　フェニックスビル1F,交通手段,"秋葉原駅より徒歩9分　徒歩ルート（Google map）
末広町駅より徒歩3分　徒歩ルート（Google map）
湯島駅より徒歩6分　徒歩ルート（Google map）
御徒町駅より徒歩12分　徒歩ルート（Google map）",営業時間,"平日　15:00～23:00
土日祝 13:00～21:00",定休日,火曜日,予算,"約3,000円",支払い方法,クレジットカード可,席数,—,予約,—,貸切,可,団体利用,不可,飲酒,可,禁煙・喫煙,可,駐車場,—,Wifi・無線LAN,なし,外国語メニュー,なし,利用シーン,一緒にワイワイ楽しむ / マッタリした雰囲気 / 癒されたい / 男性向け / フード＆ドリンク / 個性的なサービス,サービス,オリジナルグッズ / チェキ、写真が撮れる / 指名が出来る / クーポン有り / 誕生日特典あり,ホームページ,https://www.olcafe8style.com/
ナチュラリア 渋谷店,http://concafenavi.com/s-naturalia-shibuya/,店名,ナチュラリア 渋谷店,ジャンル,すっぴんカフェバー（コンセプトカフェ・コンカフェ）,TEL,"03-6277-5673
「コンカフェナビ」を見たと言うとスムーズです♪",住所,東京都渋谷区道玄坂2-10-12　新大宗ビル3号館6F,交通手段,渋谷駅より徒歩１分　徒歩ルート（Google map）,営業時間,16:00～24:00,定休日,年中無休,予算,"男性のお客様
16時～17時 10分300円(税別)飲み放題
17時～24時 10分400円(税別)飲み放題
チャージ 500円（会員登録により無料）
女性のお客様
10分200円(税別)飲み放題
チャージ 500円（会員登録により無料）",支払い方法,クレジットカード可,席数,57席,予約,可,貸切,可（応相談）,団体利用,可,飲酒,可,禁煙・喫煙,可（喫煙コーナーを設けております）,駐車場,近隣にコインパーキングあり,Wifi・無線LAN,無し,外国語メニュー,無し,利用シーン,一緒にワイワイ楽しむ / マッタリした雰囲気 / 癒されたい / フード＆ドリンク,サービス,オリジナルグッズ / チェキ、写真が撮れる / クーポン有り / 誕生日特典あり / ポイントカードあり,ホームページ,https://s-naturalia.com/,公式Twitter,—,備考,—,クーポン,コンカフェナビ見たで「–」,内容,—,時給,—,採用条件,—,待遇,—,求人用連絡先,"—
「コンカフェナビ」を見たと言うとスムーズです♪"
めいどりーみん 新宿 東口店,http://concafenavi.com/maidreamin-shinjuku/,店名,めいどりーみん 新宿 東口店,ジャンル,メイドカフェ,TEL,"03-6457-7699
「コンカフェナビ」を見たと言うとスムーズです♪",住所,東京都新宿区新宿3-22-10,交通手段,JR「新宿駅」（東口）より徒歩2分　徒歩ルート（Google map）,営業時間,"11:30～23:00
※平日及び土日祝共に変わらず上記の時間となります。",定休日,年中無休,予算,"1時間 500円 / 1オーダー
延長 500円 / 1オーダー",支払い方法,"クレジットカード可
銀聯カード利用可
電子決済「WeChatPay」「Alipay」「PayPay」がご利用頂けます。",席数,1F：26席／2F：20席,予約,—,貸切,—,団体利用,—,飲酒,"もちろん飲めます。お酒を含め飲み放題は55種類から選べます。
シャンパンもワインなどもご用意しております。",禁煙・喫煙,全席禁煙／喫煙スペース有り,駐車場,—,Wifi・無線LAN,ソフトバンクWiFiスポット,外国語メニュー,—,ホームページ,https://maidreamin.com/shop/detail.html?id=9
アフィリア・クロニクルS,http://concafenavi.com/afilia-chronicle-s/,店名,アフィリア・クロニクルS,ジャンル,レストラン（コンセプトカフェ・コンカフェ）,TEL,"03-6206-8650
「コンカフェナビ」を見たと言うとスムーズです♪",住所,東京都千代田区外神田4-4-3　秋葉原SILビル8F,交通手段,秋葉原駅より徒歩5分　徒歩ルート（Google map）,営業時間,"平日
11:30〜22:30
土日祝
10:00〜22:30",定休日,なし,予算,1時間毎に700円（女性400円）のテーブルチャージ,支払い方法,クレジットカード可,席数,—,予約,不可,貸切,可,団体利用,—,飲酒,可,禁煙・喫煙,分煙,駐車場,無し,Wifi・無線LAN,—,外国語メニュー,—,利用シーン,—,サービス,—,ホームページ,https://afilia.jp/shop/chronicle_s/,公式Twitter,—,備考,—,クーポン,コンカフェナビ見たで「–」,内容,—,時給,—,採用条件,—,待遇,—,求人用連絡先,"—
「コンカフェナビ」を見たと言うとスムーズです♪"
男装カフェ＆Bar QUEENDOLCE,http://concafenavi.com/queen-dolce/,店名,男装カフェ＆Bar QUEENDOLCE,ジャンル,男装カフェ＆Bar（コンセプトカフェ・コンカフェ）,TEL,"03-3252-2031
「コンカフェナビ」を見たと言うとスムーズです♪",住所,東京都千代田区外神田3-15-6　小暮末広ビル４F,交通手段,秋葉原駅から徒歩6分　徒歩ルート（Google map）,営業時間,"火～金曜日　17：00～22：30
土日祝日　14：00～22：00",定休日,毎週月曜日,予算,—,支払い方法,クレジットカード可,席数,—,予約,—,貸切,不可,団体利用,不可,飲酒,可,禁煙・喫煙,可,駐車場,—,Wifi・無線LAN,あり,外国語メニュー,無し,利用シーン,一緒にワイワイ楽しむ / マッタリした雰囲気 / 癒されたい / カップルでも楽しい,サービス,チェキ、写真が撮れる / 誕生日特典あり / ポイントカードあり,ホームページ,http://akibakotower.com/queen-dolce/,公式Twitter,—,備考,—,クーポン,コンカフェナビ見たで「–」,内容,—,時給,—,採用条件,—,待遇,—,求人用連絡先,—
mecafe（ミィカフェ）,http://concafenavi.com/mecafe/,店名,mecafe（ミィカフェ）,ジャンル,コンセプトカフェ・コンカフェ,TEL,—,住所,東京都台東区上野7-5-8　ワイズオービル地下1階,交通手段,上野駅 から徒歩３分　徒歩ルート（Google map）,営業時間,"平日 18時～23時
土日祝 12時～23時
金・土・祝前日 朝5時まで",定休日,—,予算,チャージ料１時間700円（税別）＋1ドリンク800円（税別）〜,支払い方法,—,席数,—,予約,—,貸切,—,団体利用,—,飲酒,—,禁煙・喫煙,—,駐車場,—,Wifi・無線LAN,—,外国語メニュー,—,利用シーン,—,サービス,—,ホームページ,—,公式Twitter,https://twitter.com/mecafeofficial,備考,—,クーポン,コンカフェナビ見たで「–」,内容,—,時給,—,採用条件,—,待遇,—,求人用連絡先,—
ナチュラリア 秋葉原店,http://concafenavi.com/s-naturalia-akihabara/,店名,ナチュラリア 秋葉原店,ジャンル,すっぴんカフェバー（コンセプトカフェ・コンカフェ）,TEL,"03-5207-2623
「コンカフェナビ」を見たと言うとスムーズです♪",住所,東京都千代田区外神田4丁目4-9　松井ビル3F,交通手段,秋葉原駅より徒歩５分　徒歩ルート（Google map）,営業時間,"平日16:00～23:00
土日12:00～23:00",定休日,年中無休,予算,"男性のお客様
10分400円(税別)飲み放題
チャージ 500円（会員登録により無料）
女性のお客様
10分200円(税別)飲み放題
チャージ 500円（会員登録により無料）",支払い方法,—,席数,—,予約,可,貸切,可,団体利用,可,飲酒,可,禁煙・喫煙,—,駐車場,—,Wifi・無線LAN,—,外国語メニュー,—,利用シーン,—,サービス,—,ホームページ,https://s-naturalia.com/,公式Twitter,—,備考,—,クーポン,コンカフェナビ見たで「–」,内容,—,時給,—,採用条件,—,待遇,—,求人用連絡先,"—
「コンカフェナビ」を見たと言うとスムーズです♪"
アメイジング ドリーム,http://concafenavi.com/dream-action/,店名,アメイジング ドリーム,ジャンル,アメイジングメイドバー,TEL,"03-5256-4130
「コンカフェナビ」を見たと言うとスムーズです♪",住所,東京都千代田区外神田3-14-7　東雲堂ビル2F,交通手段,秋葉原駅より徒歩６分　徒歩ルート（Google map）,営業時間,"平日、土曜　18:00～23:00
日、祭日　15:00～23:00",定休日,不定休,予算,"3つのシステムからお選びいただけます。
システム1
700円/30分
ソフトドリンク100円　アルコール300円
ファーストドリンク制ですので、最初の一杯のみでも御滞在いただけます。
システム2
800円/60分
ソフトドリンク600円　アルコール800円
1時間1ドリンク制となります。一時間毎のドリンクオーダーで御滞在いただけます。
システム3
2600円/60分のチャージ込み飲み放題プランです。
各種自動延長になります
混雑時には延長が出来ない場合がございますのでご了承ください。
お会計時に10％税サ頂いておりますので予めご了承ください。",支払い方法,"クレジットカード可
（VISA,AMEX,MASTER,JCB）",席数,24席,予約,—,貸切,—,団体利用,—,飲酒,可,禁煙・喫煙,喫煙席、禁煙席あり,駐車場,無し,Wifi・無線LAN,—,外国語メニュー,—,利用シーン,—,サービス,—,ホームページ,https://dream-action.net/,公式Twitter,—,備考,—,クーポン,—,内容,—,時給,—,採用条件,—,待遇,—,求人用連絡先,—
maid BAR FAIRYTALE,http://concafenavi.com/maid-bar-fairytale/,店名,maid BAR FAIRYTALE,ジャンル,メイドBAR（コンセプトカフェ・コンカフェ）,TEL,"03-3366-0063
「コンカフェナビ」を見たと言うとスムーズです♪",住所,東京都新宿区百人町1丁目20-15　ミツオキビル3F,交通手段,大久保駅徒歩1分　徒歩ルート（Google map）,営業時間,"日～木　18:00～24:00（L.O フード23:00 ドリンク23:30）
金土祝前日　18:00～5:00（L.O フード4:00 ドリンク4:30）",定休日,無し,予算,"当店は時間制ではありません。
ワンチャージ+ご飲食代になっております。
チャージ　¥1,000-
ドリンク　¥700〜
フード　¥500〜
チェキ　ソロ¥600- ツーショット¥1,000-
メイドさんへのカラオケリクエスト　¥300-",支払い方法,現金またはカード,席数,—,予約,—,貸切,—,団体利用,—,飲酒,可,禁煙・喫煙,可,駐車場,—,Wifi・無線LAN,あり,外国語メニュー,—,ホームページ,http://fairytale.moo.jp/,備考,—,クーポン,コンカフェナビ見たで「–」
Beat♥Sweet 田無店,http://concafenavi.com/beat-sweet-tanashi/,店名,Beat♥Sweet 田無店,ジャンル,メイドカフェ&バー,TEL,"042-452-6939
「コンカフェナビ」を見たと言うとスムーズです♪",住所,東京都西東京市南町4-4-2　プリンスプラザ田無1階,交通手段,西武新宿線 田無駅より徒歩3分　徒歩ルート（Google map）,営業時間,19:00〜5:00,定休日,月曜日,予算,"2,800円",支払い方法,クレジットカード可,席数,12席（カウンター）,予約,可,貸切,不可,団体利用,可,飲酒,可,禁煙・喫煙,可,駐車場,—,Wifi・無線LAN,なし,外国語メニュー,なし
アカシウス寄宿舎学園,http://concafenavi.com/acasius/,店名,アカシウス寄宿舎学園,ジャンル,ロールプレイングカフェ（コンセプトカフェ・コンカフェ）,TEL,非公開,住所,東京都豊島区東池袋1-23-7　ルネッサンス東池袋2F,交通手段,池袋駅より徒歩５分　徒歩ルート（Google map）,営業時間,"［月～金］
16:00～22:30（L.O.22:15）
［土・日・祝］
11:00～22:30（L.O.22:15）",定休日,不定休（3ヶ月に1日程度）,予算,"１時間につき
平日：男性１７６０円(税抜)、女性１２０４円(税抜)
土日祝日：男性１９４５円(税抜)、女性１３８９円(税抜)
※割り引きサービス※
２名様割りを行っております。
★２名割★
２名様以上で、ご一緒にご来訪頂きますと
お一人様税込み価格から、２００円引きとなります。
※追加時間チャージ※
１時間を過ぎてからは、１０分ごとに男性２８６円・女性１９１円かかります。
こちらからは時間の申告はいたしませんので、ご注意ください。
混雑時は、滞在可能時間が９０分までとなります、ご了承下さいませ
別料金で、カクテル・アルコール・お食事が、ご注文できるようになっております。
また初回のみ、初回ご登録料といたしまして、９３円(税抜)頂戴しております。
お会計は、テーブル会計になりますので、お帰りになる際は、生徒をお呼びください。",支払い方法,クレジットカード不可,席数,30席,予約,—,貸切,可,団体利用,可,飲酒,可,禁煙・喫煙,店内禁煙(喫煙スペースあり),駐車場,"無
近くの有料駐車場：東池袋1-21-4池袋グロープ駐車場49台収容、ほか",Wifi・無線LAN,あり,外国語メニュー,—,利用シーン,—,サービス,—,ホームページ,http://www.acasius.jp/,公式Twitter,—,備考,—,クーポン,コンカフェナビ見たで「–」,内容,—,時給,—,採用条件,—,待遇,—,求人用連絡先,"—
「コンカフェナビ」を見たと言うとスムーズです♪"
アヴァンセ,http://concafenavi.com/avance-akiba/,店名,アヴァンセ,ジャンル,赤ずきんメイドカフェ（コンセプトカフェ・コンカフェ）,TEL,—,住所,東京都千代田区外神田1-8-4　銭谷ビル6F,交通手段,秋葉原駅より徒歩４分　徒歩ルート（Google map）,営業時間,14:00～24:00,定休日,年中無休,予算,—,支払い方法,クレジットカード可,席数,22席,予約,—,貸切,不可,団体利用,可,飲酒,可,禁煙・喫煙,可,駐車場,—,Wifi・無線LAN,無し,外国語メニュー,英語メニューあり,利用シーン,一緒にワイワイ楽しむ / マッタリした雰囲気 / 癒されたい / 男性向け / カップルでも楽しい / フード＆ドリンク / 個性的なサービス / 愛込め(おまじない),サービス,オリジナルグッズ / オリジナル制服 / チェキ、写真が撮れる / 指名が出来る / 誕生日特典あり / ポイントカードあり,ホームページ,—,公式Twitter,—,備考,—,クーポン,コンカフェナビ見たで「–」,内容,—,時給,—,採用条件,—,待遇,—,求人用連絡先,—
萌えちゃんねるBAR,http://concafenavi.com/moechbar/,店名,萌えちゃんねるBAR,ジャンル,コスプレBAR,TEL,"03-6205-5660
「コンカフェナビ」を見たと言うとスムーズです♪",住所,東京都新宿区歌舞伎町1-13-4　黎昇ビル1階,交通手段,"新宿駅より徒歩6分　徒歩ルート（Google map）
西武新宿駅より徒歩3分　徒歩ルート（Google map）",営業時間,"月曜日　お休み
火曜日　お休み
水曜日　20:00～5:00
木曜日　20:00～5:00
金曜日　20:00～5:00
土曜日　20:00～5:00
日曜日　20:00～5:00",定休日,月曜日・火曜日,予算,"1,200円～",支払い方法,クレジットカード可,席数,"10席
（アットホームな雰囲気のカウンタバーです♪）",予約,可（要相談）,貸切,可（月、火のみご相談）,団体利用,可,飲酒,可,禁煙・喫煙,可,駐車場,—,Wifi・無線LAN,あり,外国語メニュー,なし,利用シーン,一緒にワイワイ楽しむ / マッタリした雰囲気 / 癒されたい / 男性向け / カップルでも楽しい / フード＆ドリンク / 個性的なサービス / 愛込め(おまじない),サービス,オリジナル制服 / チェキ、写真が撮れる
.Sweet（ドットスウィート）,http://concafenavi.com/dotsweet/,店名,.Sweet（ドットスウィート）,ジャンル,アイドルカフェ（コンセプトカフェ・コンカフェ）,TEL,"03-6262-9460
「コンカフェナビ」を見たと言うとスムーズです♪",住所,東京都千代田区外神田1-6-3　アキバあそび館4F,交通手段,秋葉原駅より徒歩4分　徒歩ルート（Google map）,営業時間,"平日 15:00～23:00（LO. 22:30）
休日 13:00～23:00（LO. 22:30）",定休日,不定休,予算,"チャージ料　￥800/1H
ワンドリンクオーダー制　￥850～
飲み放題　￥900～",支払い方法,各種クレジットカードがご利用いただけます。,席数,—,予約,—,貸切,—,団体利用,—,飲酒,—,禁煙・喫煙,—,駐車場,—,Wifi・無線LAN,—,外国語メニュー,—,利用シーン,—,サービス,—,ホームページ,http://dotsweet.jp/,公式Twitter,https://twitter.com/dotsweet01,備考,—,クーポン,コンカフェナビ見たで「–」,内容,—,時給,—,採用条件,—,待遇,—,求人用連絡先,—
SeeKa（シーカ）,http://concafenavi.com/seeka/,店名,SeeKa（シーカ）,ジャンル,ガールズバー（コンセプトカフェ・コンカフェ）,TEL,—,住所,東京都千代田区岩本町3-3-1　木村ビル2階,交通手段,"秋葉原駅 から徒歩7分　徒歩ルート（Google map）
岩本町駅 から徒歩3分　徒歩ルート（Google map）",営業時間,—,定休日,—,予算,—,支払い方法,—,席数,—,予約,—,貸切,—,団体利用,—,飲酒,—,禁煙・喫煙,—,駐車場,—,Wifi・無線LAN,—,外国語メニュー,—,利用シーン,—,サービス,—,ホームページ,—,公式Twitter,https://twitter.com/SeeKa_AIL,備考,—,クーポン,コンカフェナビ見たで「–」,内容,—,時給,—,採用条件,—,待遇,—,求人用連絡先,—
@ネお,http://concafenavi.com/neo-cafe/,店名,@ネお,ジャンル,アイドルカフェ（コンセプトカフェ・コンカフェ）,TEL,"03-6452-9519
「コンカフェナビ」を見たと言うとスムーズです♪",住所,東京都千代田区外神田3-15-6　小暮末広ビル5F,交通手段,秋葉原駅より徒歩6分　徒歩ルート（Google map）,営業時間,"17:00～23:00
(土日祝は12:00～)",定休日,毎週月曜日はアイドル活動のためおやすみになります。,予算,"60分800円+2オーダー制+1投票
drink800円～、food1000円～
推し投票券500円",支払い方法,クレジットカード可,席数,15席（カウンター11席、テーブル4席）,予約,可,貸切,不可,団体利用,可,飲酒,可,禁煙・喫煙,可,駐車場,—,Wifi・無線LAN,あり,外国語メニュー,無し,利用シーン,一緒にワイワイ楽しむ,サービス,チェキ、写真が撮れる / ポイントカードあり,ホームページ,—,公式Twitter,—,備考,—,クーポン,コンカフェナビ見たで「–」,内容,—,時給,—,採用条件,—,待遇,—,求人用連絡先,—
basicBar bB,http://concafenavi.com/basicbar-bb/,店名,basicBar bB,ジャンル,メイドバー（コンセプトカフェ・コンカフェ）,TEL,"03-5294-3262
「コンカフェナビ」を見たと言うとスムーズです♪",住所,東京都千代田区神田佐久間町1-25　KTビル2F,交通手段,秋葉原駅より徒歩1分　徒歩ルート（Google map）,営業時間,"平日　18：00～23：30
（ラストオーダー23：00）
土日祝　17：00～23：30
（ラストオーダー 23：00）",定休日,無休(1月1日のみ休み),予算,チャージなし、一杯なんでも千円,支払い方法,クレジットカード不可,席数,—,予約,—,貸切,—,団体利用,—,飲酒,可,禁煙・喫煙,全面喫煙可,駐車場,無し,Wifi・無線LAN,—,外国語メニュー,—,利用シーン,—,サービス,—,ホームページ,http://www.maid-bb.com/,公式Twitter,—,備考,—,クーポン,コンカフェナビ見たで「–」,内容,—,時給,—,採用条件,—,待遇,—,求人用連絡先,—
Ribbon,http://concafenavi.com/caferibbon/,店名,Ribbon,ジャンル,Cafe＆Bar（コンセプトカフェ・コンカフェ）,TEL,"03-6233-7432
「コンカフェナビ」を見たと言うとスムーズです♪",住所,東京都新宿区歌舞伎町1-12-7　森田ビル2F,交通手段,新宿駅より徒歩7分　徒歩ルート（Google map）,営業時間,"月曜日～土曜日　18時～翌6時
日曜日・祝日　15時～翌6時",定休日,年中無休,予算,"チャージ
男性
19：00～22：00　600円（30分）
22：00～ラスト　800円（30分）
女性
19：00～22：00　300円（30分）
22：00～ラスト　400円（30分）",支払い方法,—,席数,—,予約,—,貸切,—,団体利用,—,飲酒,—,禁煙・喫煙,—,駐車場,—,Wifi・無線LAN,—,外国語メニュー,—,ホームページ,http://caferibbon.jp/,備考,—,クーポン,コンカフェナビ見たで「–」
@ほぉ〜むカフェ 秋葉原ドンキ店,http://concafenavi.com/cafe-athome-donki/,店名,@ほぉ〜むカフェ 秋葉原ドンキ店,ジャンル,メイド喫茶（コンセプトカフェ・コンカフェ）,TEL,"03-3254-7878
「コンカフェナビ」を見たと言うとスムーズです♪",住所,東京都千代田区外神田4-3-3　ドン・キホーテ秋葉原店5F,交通手段,秋葉原駅から徒歩4分　徒歩ルート（Google map）,営業時間,"月 11:00 ~ 22:00
火 11:00 ~ 22:00
水 11:00 ~ 22:00
木 11:00 ~ 22:00
金 11:00 ~ 22:00
土 10:00 ~ 22:00
日 10:00 ~ 22:00
※L.O. 21:20",定休日,—,予算,"メニュー料金 + ご入場料
ご入場料
（学生のご主人様・お嬢様、およびお子様はご入場料が割引されます。）
大人　¥700
60歳以上　¥400
大学／専門大学生　¥600
高校生　¥500
小・中学生　¥400
小学生未満　無料",支払い方法,"現金のほか、以下のクレジットカード、電子マネーをご利用になれます。
クレジットカード
VISA
MasterCard
JCB
AMEX
銀聯
電子マネー
Suica
PASMO
Edy
iD
QUICPay",席数,60席,予約,予約不可,貸切,不可,団体利用,—,飲酒,可,禁煙・喫煙,喫煙スペースあり,駐車場,無し,Wifi・無線LAN,—,外国語メニュー,—,利用シーン,—,サービス,—,ホームページ,https://www.cafe-athome.com/,公式Twitter,—,備考,—,クーポン,コンカフェナビ見たで「–」,内容,—,時給,—,採用条件,—,待遇,—,求人用連絡先,—
@ほぉ〜むカフェ 秋葉原本店,http://concafenavi.com/cafe-athome-akihabara/,店名,@ほぉ〜むカフェ 秋葉原本店,ジャンル,メイド喫茶（コンセプトカフェ・コンカフェ）,TEL,"03-5207-9779
「コンカフェナビ」を見たと言うとスムーズです♪",住所,東京都千代田区外神田1-11-4,交通手段,秋葉原駅から徒歩3分　徒歩ルート（Google map）,営業時間,"月 11:00 ~ 22:00
火 11:00 ~ 22:00
水 11:00 ~ 22:00
木 11:00 ~ 22:00
金 11:00 ~ 22:00
土 10:00 ~ 22:00
日 10:00 ~ 22:00
※L.O. 21:20",定休日,—,予算,"メニュー料金 + ご入場料
ご入場料
（学生のご主人様・お嬢様、およびお子様はご入場料が割引されます。）
大人　¥700
60歳以上　¥400
大学／専門大学生　¥600
高校生　¥500
小・中学生　¥400
小学生未満　無料",支払い方法,"現金のほか、以下のクレジットカード、電子マネーをご利用になれます。
クレジットカード
VISA
MasterCard
JCB
AMEX
銀聯
電子マネー
Suica
PASMO
Edy
iD
QUICPay",席数,"160席
（フロアが3F、4F、5F、6F、7Fに分かれております）",予約,予約不可,貸切,不可,団体利用,—,飲酒,可,禁煙・喫煙,"完全禁煙
秋葉原ドンキホーテ5階にある「ドンキ店」のみ喫煙スペースがあります",駐車場,無し,Wifi・無線LAN,—,外国語メニュー,—,利用シーン,—,サービス,—,ホームページ,https://www.cafe-athome.com/,公式Twitter,—,備考,—,クーポン,コンカフェナビ見たで「–」,内容,—,時給,—,採用条件,—,待遇,—,求人用連絡先,—
IDOLARIUM（アイドラリウム）,http://concafenavi.com/idolarium/,店名,IDOLARIUM（アイドラリウム）,ジャンル,アイドルコンセプトカフェ（コンカフェ）,TEL,—,住所,東京都千代田区外神田3-7-8　iNTASビル4階右手,交通手段,秋葉原駅 から徒歩８分　徒歩ルート（Google map）,営業時間,"平日　16時〜23時半
土日祝　13時〜23時半(23時last order)",定休日,—,予算,"チャージ料金（60分）　600円
１時間毎に１ドリンクオーダー制",支払い方法,—,席数,—,予約,—,貸切,—,団体利用,—,飲酒,可,禁煙・喫煙,—,駐車場,—,Wifi・無線LAN,—,外国語メニュー,—,利用シーン,—,サービス,—,ホームページ,—,公式Twitter,https://twitter.com/cosmepresscafe,備考,—,クーポン,コンカフェナビ見たで「–」,内容,—,時給,—,採用条件,—,待遇,—,求人用連絡先,—
めいどりーみん 秋葉原 外神田一丁目店,http://concafenavi.com/maidreamin-sotokanda/,店名,めいどりーみん 秋葉原 外神田一丁目店,ジャンル,メイドカフェ,TEL,"03-6206-9974
「コンカフェナビ」を見たと言うとスムーズです♪",住所,東京都千代田区外神田1-8-10　バウハウス2F,交通手段,"JR各線「秋葉原駅」より徒歩2分　徒歩ルート（Google map）
東京メトロ銀座線「末広町駅」より徒歩5分　徒歩ルート（Google map）",営業時間,"平日　　　　11:30～23:00
土日・祝日　10:30～23:00",定休日,"平日　　　　11:30～23:00
土日・祝日　10:30～23:00",予算,"1時間 500円 / 1オーダー
延長 500円 / 1オーダー",支払い方法,"クレジットカード可
銀聯カード利用可
電子決済「WeChatPay」「Alipay」「PayPay」がご利用頂けます。",席数,56席,予約,—,貸切,—,団体利用,—,飲酒,"もちろん飲めます。お酒を含め飲み放題は55種類から選べます。
シャンパンもワインなどもご用意しております。",禁煙・喫煙,不可,駐車場,—,Wifi・無線LAN,あり,外国語メニュー,—,ホームページ,https://maidreamin.com/shop/detail.html?id=7
メイド喫茶フィーユ,http://concafenavi.com/filles/,店名,メイド喫茶フィーユ,ジャンル,メイド喫茶（コンセプトカフェ・コンカフェ）,TEL,"03-5209-0210
「コンカフェナビ」を見たと言うとスムーズです♪",住所,東京都千代田区外神田3-16-17　住吉ビル4F,交通手段,秋葉原駅から徒歩６分　徒歩ルート（Google map）,営業時間,"月～金　17時～23時
土日祝　13時～23時",定休日,"不定休
♥お休みの日はWebサイトやSNSでお知らせします♪",予算,"基本
初めて　90分　￥1,600
2回目以降　90分　￥1,900",支払い方法,"クレジットカード不可
ペイペイ使えます！",席数,"34席
（テーブル18名／カウンター16名）",予約,予約不可,貸切,不可,団体利用,—,飲酒,可,禁煙・喫煙,全面喫煙可,駐車場,無し,Wifi・無線LAN,—,外国語メニュー,—,利用シーン,—,サービス,—,ホームページ,http://filles.jp/,公式Twitter,—,備考,—,クーポン,コンカフェナビ見たで「–」,内容,—,時給,—,採用条件,—,待遇,—,求人用連絡先,—
みけねこカフェ 秋葉原店,http://concafenavi.com/mikenekocafe-akihabara/,店名,みけねこカフェ 秋葉原店,ジャンル,メイド喫茶,TEL,"080-6754-4545
「コンカフェナビ」を見たと言うとスムーズです♪",住所,東京都千代田区外神田3-8-17　渡辺ビル2F,交通手段,"末広町駅より徒歩2分　徒歩ルート（Google map）
秋葉原駅より徒歩7分　徒歩ルート（Google map）",営業時間,12:00〜Last,定休日,年中無休,予算,"1,000円",支払い方法,クレジットカード可,席数,18席（カウンター8席　テーブル10席）,予約,—,貸切,可,団体利用,不可,飲酒,可,禁煙・喫煙,可,駐車場,—,Wifi・無線LAN,あり,外国語メニュー,英語,ホームページ,http://mikenekocafe.com/
まほうにかけられて,http://concafenavi.com/mahokakebm/,店名,まほうにかけられて,ジャンル,女装カフェ&バー（コンセプトカフェ・コンカフェ）,TEL,"03-6907-3594
「コンカフェナビ」を見たと言うとスムーズです♪",住所,東京都豊島区東池袋3-9-13　岩下ビルB1,交通手段,池袋駅から徒歩８分　徒歩ルート（Google map）,営業時間,"月～金曜　17時～23時
土・日曜・祝日　15時〜23時",定休日,不定期,予算,"最初の１時間　1,800円
1ドリンク、スナック、チャージ料込み
飲み放題プランあり（チャージ料込み）
1時間アルコール　2,500円
1時間ソフトドリンク　2,300円",支払い方法,クレジットカード可,席数,26席,予約,可,貸切,—,団体利用,—,飲酒,可,禁煙・喫煙,—,駐車場,—,Wifi・無線LAN,—,外国語メニュー,—,利用シーン,—,サービス,—,ホームページ,https://mahokake.wixsite.com/mahokake,公式Twitter,https://twitter.com/mahokakebm,備考,「まほかけ」で検索してください！,クーポン,コンカフェナビ見たで「–」,内容,—,時給,—,採用条件,—,待遇,—,求人用連絡先,—
Le Bijou（るびじゅー）,http://concafenavi.com/lebijou/,店名,Le Bijou（るびじゅー）,ジャンル,Cafe&Bar（コンセプトカフェ・コンカフェ）,TEL,"03-6262-9007
「コンカフェナビ」を見たと言うとスムーズです♪",住所,東京都千代田区外神田3-10-7　ランドプール秋葉原2F,交通手段,秋葉原駅より徒歩6分　徒歩ルート（Google map）,営業時間,"平日　17:00～5:00
土　15:00～5:00
日・祝　13:00～5:00",定休日,金曜日,予算,"テーブルチャージ60分/800円+ドリンク
当店は60分1チャージで800円頂いております。
またチャージごとに2ドリンク以上のオーダーをお願い致します。
女性のお客様は最初のチャージ代金無料です♪
ただし60分ごとに2ドリンク以上の オーダーをお願いしております。
ドリンクオーダー数がチャージ数に対し少ない場合でも ドリンク(700円)を付けさせて頂きますことをご了承お願い致します。
その他、飲み放題プラン有り",支払い方法,クレジットカード可,席数,10席(カウンター),予約,可,貸切,不可,団体利用,可,飲酒,可,禁煙・喫煙,可,駐車場,—,Wifi・無線LAN,あり,外国語メニュー,英語メニューあり,利用シーン,一緒にワイワイ楽しむ / マッタリした雰囲気 / 癒されたい / カップルでも楽しい / フード＆ドリンク,サービス,誕生日特典あり / ポイントカードあり,ホームページ,https://lebijouakb.wixsite.com/lebijou,公式Twitter,—,備考,—,クーポン,—,内容,—,時給,—,採用条件,—,待遇,—,求人用連絡先,—
Alice in Labyrinth,http://concafenavi.com/alice-in-labyrinth/,店名,Alice in Labyrinth（アリス イン ラビリンス）,ジャンル,コンセプトカフェ&バー,TEL,"03-6206-8262
「コンカフェナビ」を見たと言うとスムーズです♪",住所,東京都千代田区外神田3-7-8　インタスビル2階,交通手段,"秋葉原駅 から徒歩８分　徒歩ルート（Google map）
末広町駅 から徒歩１分　徒歩ルート（Google map）",営業時間,"平日 17:00〜23:00
土日祝 12:00〜23:00",定休日,—,予算,—,支払い方法,クレジットカード可,席数,カウンター約10席、テーブル約8席,予約,—,貸切,—,団体利用,—,飲酒,—,禁煙・喫煙,—,駐車場,—,Wifi・無線LAN,—,外国語メニュー,—,利用シーン,—,サービス,—,ホームページ,—,公式Twitter,https://twitter.com/Ali_Laby_akb,備考,—,クーポン,コンカフェナビ見たで「–」,内容,—,時給,—,採用条件,—,待遇,—,求人用連絡先,—
聖氷女教会,http://concafenavi.com/shj-akiba/,店名,聖氷女教会,ジャンル,ハードパンクメイドカフェ（コンセプトカフェ・コンカフェ）,TEL,—,住所,東京都千代田区外神田3-7-15　イサミヤ第6ビル2F,交通手段,秋葉原駅 から徒歩７分　徒歩ルート（Google map）,営業時間,23時〜29時,定休日,—,予算,—,支払い方法,—,席数,—,予約,—,貸切,—,団体利用,—,飲酒,—,禁煙・喫煙,—,駐車場,—,Wifi・無線LAN,—,外国語メニュー,—,利用シーン,–/td>,サービス,—,ホームページ,—,公式Twitter,https://twitter.com/shj_akiba,備考,—,クーポン,コンカフェナビ見たで「–」,内容,—,時給,—,採用条件,—,待遇,—,求人用連絡先,—
Cafe de LOOP,http://concafenavi.com/cafe-de-loop/,店名,Cafe de LOOP,ジャンル,メイドダーツバー（コンセプトカフェ・コンカフェ）,TEL,"03-3252-0310
「コンカフェナビ」を見たと言うとスムーズです♪",住所,東京都千代田区外神田3-1-2　明治ビル2F,交通手段,秋葉原駅から徒歩５分　徒歩ルート（Google map）,営業時間,"月～木・土 18:00～24:00
金・祝前日 18:00～翌5:00
日・祝日 17:00～23:00",定休日,—,予算,"・1時間1オーダー制
・サービス料15％",支払い方法,—,席数,—,予約,可,貸切,可,団体利用,可,飲酒,可,禁煙・喫煙,—,駐車場,—,Wifi・無線LAN,—,外国語メニュー,—,利用シーン,—,サービス,—,ホームページ,https://www.loop-spacecafediner.co.jp/,公式Twitter,—,備考,—,クーポン,コンカフェナビ見たで「–」,内容,—,時給,—,採用条件,—,待遇,—,求人用連絡先,—
アフィリア・グランドロッジ,http://concafenavi.com/afilia-grandlodge/,店名,アフィリア・グランドロッジ,ジャンル,カフェテリア（コンセプトカフェ・コンカフェ）,TEL,"03-5927-8991
「コンカフェナビ」を見たと言うとスムーズです♪",住所,東京都豊島区南池袋1-26-2　第3近代ビル5F,交通手段,池袋駅より徒歩2分　徒歩ルート（Google map）,営業時間,"平日
11:30〜14:30（L.O. 14:00）ランチメニューのみ
15:30〜23:00（L.O. 22:30）ディナーメニュー
土日祝
11:30〜23:00（L.O. 22:30）ディナーメニュー",定休日,なし,予算,1時間毎に700円（女性400円）のテーブルチャージ,支払い方法,クレジットカード可,席数,67席,予約,不可,貸切,可,団体利用,—,飲酒,可,禁煙・喫煙,完全禁煙,駐車場,無し,Wifi・無線LAN,—,外国語メニュー,—,利用シーン,—,サービス,—,ホームページ,https://afilia.jp/shop/grandlodge/,公式Twitter,—,備考,—,クーポン,コンカフェナビ見たで「–」,内容,—,時給,—,採用条件,—,待遇,—,求人用連絡先,"—
「コンカフェナビ」を見たと言うとスムーズです♪"
milk planet,http://concafenavi.com/milk-planet/,店名,milk planet,ジャンル,めいどカフェ&バー,TEL,"03-6278-9595
「コンカフェナビ」を見たと言うとスムーズです♪",住所,東京都新宿区歌舞伎町1-2-14　コリンズ15ビル7F,交通手段,新宿駅より徒歩7分　徒歩ルート（Google map）,営業時間,18:00〜29:00,定休日,なし,予算,—,支払い方法,クレジットカード可,席数,14席（カウンター7 ボックス1）,予約,可（前日までにお問い合わせください）,貸切,可,団体利用,可,飲酒,可,禁煙・喫煙,不可,駐車場,—,Wifi・無線LAN,あり,外国語メニュー,なし,ホームページ,http://milk-planet.com/
わんちゃんす,http://concafenavi.com/one-chance/,店名,わんちゃんす,ジャンル,メイドバー（コンセプトカフェ・コンカフェ）,TEL,"03-3525-8880
「コンカフェナビ」を見たと言うとスムーズです♪",住所,東京都千代田区神田佐久間町1-20　2F,交通手段,秋葉原駅より徒歩20秒　徒歩ルート（Google map）,営業時間,18:00～翌4:30(L.O.4:00),定休日,毎日休まず営業中♡,予算,"わんちゃんすでは以下のシステムにて、明朗会計をお約束しております。
＜チャージ料＞
お一人様 1,000円のテーブルチャージ料をいただいております。
タイムチャージではございませんので、ごゆっくりお楽しみいただけます。
※閉店までのお時間中の再来店はチャージ料はいただきません。
※女性の場合、チャージ料が半額の500円となります。
＜消費税・サービス料＞
メニューは全て税抜価格となっております。
お会計時には、消費税+5%のサービス料を合わせていただいております。
よって、合計額 + サービス料 + チャージ料 の総額がお会計額となります。
＜注意事項＞
お1人様1時間に1品以上のオーダーをいただいております
お支払方法は現金のみとなりますので、ご注意ください。
わんちゃんすはテーブルチェック制となっておりますので、
お会計の際はお声がけいただき、お席に座ってお待ちください。",支払い方法,現金のみ,席数,—,予約,—,貸切,—,団体利用,—,飲酒,可,禁煙・喫煙,—,駐車場,—,Wifi・無線LAN,—,外国語メニュー,—,利用シーン,—,サービス,—,ホームページ,https://one-chance-akb.com/,公式Twitter,https://twitter.com/one_chance_akb,備考,—,クーポン,コンカフェナビ見たで「–」,内容,—,時給,—,採用条件,—,待遇,—,求人用連絡先,—
れんてつかふぇ,http://concafenavi.com/rentetsucafe/,店名,れんてつかふぇ,ジャンル,鉄道居酒屋（コンセプトカフェ・コンカフェ）,TEL,"03-5829-9431
「コンカフェナビ」を見たと言うとスムーズです♪",住所,東京都千代田区神田佐久間町3-31-3,交通手段,秋葉原駅より徒歩5分　徒歩ルート（Google map）,営業時間,平日　18：00～23：00（ラストオーダー22：30）,定休日,土日祝,予算,"チャージ500円（時間制限なし）
ドリンク540円より、その他フード類も充実してまいりました。
１時間に１オーダーをお願いしております。",支払い方法,クレジットカード決済・ICカード決済可,席数,19席,予約,—,貸切,"土日祝日、れんてつかふぇがお休みの日はかふぇレンタル行っております。
貸切も貸し出しもどちらもOKです。
お気軽にお問合せ下さい。",団体利用,—,飲酒,可,禁煙・喫煙,全席喫煙可,駐車場,—,Wifi・無線LAN,—,外国語メニュー,—,利用シーン,—,サービス,—,ホームページ,https://rentetsu.net/rentetsucafe/,公式Twitter,—,備考,—,クーポン,コンカフェナビ見たで「–」,内容,—,時給,—,採用条件,—,待遇,—,求人用連絡先,—
coffret（コフレ）,http://concafenavi.com/ebisu-coffret/,店名,coffret（コフレ）,ジャンル,恵比寿初のメイドカフェ&BAR,TEL,"03-6661-2916
「コンカフェナビ」を見たと言うとスムーズです♪",住所,東京都渋谷区恵比寿南1-2-3　TSビル2F,交通手段,恵比寿駅より徒歩2分　徒歩ルート（Google map）,営業時間,"月〜金 18:30〜翌5:00
土 17:00〜翌5:00
日 17:00〜23:30",定休日,なし,予算,"2,750円",支払い方法,クレジットカード可,席数,30席（カウンター７席 テーブル席18席）,予約,可,貸切,可,団体利用,可,飲酒,可,禁煙・喫煙,可　(アイコス、プルームテック等の電子タバコのみ),駐車場,—,Wifi・無線LAN,あり,外国語メニュー,なし,ホームページ,https://maid.conceptcafe.jp/
ナチュラリア 歌舞伎町店,http://concafenavi.com/s-naturalia-kabukicho/,店名,ナチュラリア 歌舞伎町店,ジャンル,すっぴんカフェバー（コンセプトカフェ・コンカフェ）,TEL,"03-6265-9646
「コンカフェナビ」を見たと言うとスムーズです♪",住所,東京都新宿区歌舞伎町1-8-1　佐藤ビル2F,交通手段,新宿駅より徒歩５分　徒歩ルート（Google map）,営業時間,16:00～24:00,定休日,年中無休,予算,"男性のお客様
16時～17時 10分300円(税別)飲み放題
17時～24時 10分400円(税別)飲み放題
チャージ 500円（会員登録により無料）
女性のお客様
10分200円(税別)飲み放題
チャージ 500円（会員登録により無料）",支払い方法,—,席数,—,予約,可,貸切,可,団体利用,可,飲酒,可,禁煙・喫煙,—,駐車場,—,Wifi・無線LAN,—,外国語メニュー,—,利用シーン,—,サービス,—,ホームページ,https://s-naturalia.com/,公式Twitter,—,備考,—,クーポン,コンカフェナビ見たで「–」,内容,—,時給,—,採用条件,—,待遇,—,求人用連絡先,"—
「コンカフェナビ」を見たと言うとスムーズです♪"
cafe&bar ワンルーム,http://concafenavi.com/cafebar-1room/,店名,cafe&bar ワンルーム,ジャンル,メイドカフェ&BAR,TEL,"03-3255-0600
「コンカフェナビ」を見たと言うとスムーズです♪",住所,東京都千代田区外神田4-8-3　セゾン秋葉原3F B区,交通手段,"末広町駅より徒歩2分　徒歩ルート（Google map）
秋葉原駅より徒歩7分　徒歩ルート（Google map）
御徒町駅より徒歩8分　徒歩ルート（Google map）",営業時間,18:00～24:00,定休日,年中無休,予算,"3,000円",支払い方法,クレジットカード可,席数,8席,予約,可（お電話ください）,貸切,可,団体利用,可,飲酒,可,禁煙・喫煙,可,駐車場,—,Wifi・無線LAN,あり,外国語メニュー,英語,ホームページ,http://cafebar-1room.com/
Cafe Mailish（メイリッシュ）,http://concafenavi.com/cafe-mailish/,店名,Cafe Mailish（メイリッシュ）,ジャンル,メイド喫茶（コンセプトカフェ・コンカフェ）,TEL,"03-5289-7310
「コンカフェナビ」を見たと言うとスムーズです♪",住所,東京都千代田区外神田3−6−2　FH協和スクエア2階,交通手段,秋葉原駅から徒歩９分　徒歩ルート（Google map）,営業時間,"11：00〜22：00
オーダーストップ
お食事 21:00
デザート・ドリンク　21:30",定休日,—,予算,"90分ワンオーダー制
（テーブルチャージ料はかかりません。）",支払い方法,—,席数,—,予約,予約可,貸切,—,団体利用,可,飲酒,可,禁煙・喫煙,可,駐車場,—,Wifi・無線LAN,無し,外国語メニュー,無し,利用シーン,—,サービス,—,ホームページ,https://www.mailish.jp/,公式Twitter,—,備考,—,クーポン,コンカフェナビ見たで「–」,内容,—,時給,—,採用条件,—,待遇,—,求人用連絡先,—
